source,target,weight
0,102,5
1,914,3
1,419,9
2,1728,1
3,383,4
4,108,9
4,814,9
5,902,8
5,1139,1
5,653,7
5,1393,5
6,881,6
6,418,2
7,396,6
7,1408,10
7,1083,1
7,1881,9
8,1550,2
9,1481,10
9,787,2
9,187,4
10,326,4
10,413,7
10,1138,8
11,666,6
11,1455,4
11,1093,2
12,1002,3
12,1893,7
13,899,6
13,229,4
13,131,6
14,1096,2
14,864,10
14,1288,4
14,2044,7
15,585,5
15,571,4
15,1076,10
15,1754,10
16,1482,4
16,566,9
16,2021,2
16,192,2
17,655,7
17,260,7
18,1917,9
18,1029,9
18,47,2
18,1092,6
19,1202,7
20,1858,1
20,1078,9
21,435,5
21,814,3
22,661,9
22,2,10
22,1327,8
23,458,6
24,980,1
24,986,10
24,322,2
25,283,9
25,515,3
25,1946,9
25,676,5
26,867,9
26,823,5
26,1634,6
26,1794,9
27,495,4
27,920,2
27,1384,1
27,942,10
28,29,2
28,241,4
29,128,6
30,974,5
31,877,9
31,541,10
31,1936,4
31,1937,7
32,386,2
32,1765,6
33,1683,8
33,221,2
33,248,7
33,1389,2
34,784,4
34,1837,3
35,751,5
35,1894,4
35,308,8
35,401,1
36,382,4
37,1664,8
37,1971,4
38,240,3
38,1552,1
38,1599,5
38,1863,5
39,1993,3
39,777,5
39,891,1
39,249,6
40,205,10
41,644,1
41,328,3
41,280,10
41,278,4
42,491,10
42,1008,10
42,162,10
42,335,7
43,1068,4
43,1286,4
43,1087,7
44,1228,8
44,1295,2
45,1877,10
46,300,9
47,1086,3
47,1429,2
48,1513,5
48,646,8
49,32,9
49,1226,2
49,550,5
50,438,9
51,1115,5
51,862,6
52,1081,9
52,2001,5
53,378,7
54,180,1
54,1366,3
54,1072,3
55,1751,9
55,39,2
55,308,3
55,147,6
56,1760,3
56,171,5
57,163,6
57,860,4
57,421,6
58,633,4
58,665,3
58,1688,1
58,734,6
59,1016,5
59,652,2
59,1566,1
59,1927,4
60,1885,6
60,1250,4
61,96,4
61,1632,6
62,284,5
62,1438,9
62,1637,9
63,113,2
63,1069,3
63,1087,1
64,1779,6
65,1787,10
65,473,7
65,778,5
66,1786,1
67,1491,7
67,286,6
68,510,5
68,1266,7
68,1336,7
69,521,4
69,1722,7
69,712,10
70,1663,9
70,1,5
70,1175,4
71,1319,8
71,1809,8
71,875,9
71,1938,3
72,1162,9
73,382,4
73,1271,4
73,815,3
74,189,4
75,298,8
75,1697,10
75,796,7
75,2024,7
76,604,1
76,436,7
77,720,9
77,1902,1
78,497,8
78,546,8
79,1812,10
79,1747,9
79,1826,3
80,1843,5
80,1012,5
80,1984,4
80,1124,8
81,1170,4
82,1375,6
82,330,3
82,617,4
83,625,4
83,263,7
83,1669,6
83,1908,7
84,847,7
85,80,10
85,1558,8
85,24,6
85,1223,7
86,903,8
86,898,5
86,1785,8
86,118,7
87,1656,3
87,1914,3
87,110,7
88,343,7
89,1891,3
89,205,5
90,1340,4
90,1862,6
90,1382,7
90,1139,7
91,335,8
91,79,9
91,213,6
92,281,1
92,127,4
93,83,10
93,624,4
94,1939,2
94,892,8
95,1510,3
95,469,3
95,1274,2
96,1277,10
97,1624,4
97,311,10
97,994,2
97,1235,10
98,168,6
99,1517,2
99,1397,1
99,1720,8
99,432,7
100,1883,3
100,1783,3
100,1106,10
101,1904,7
101,1099,6
101,1005,2
101,1142,8
102,1903,10
102,1552,6
103,2024,6
104,1997,4
104,1453,5
105,1145,10
105,1131,9
105,41,9
106,350,4
106,1664,8
107,1950,8
107,1835,1
108,1205,4
109,996,5
109,1511,8
109,1408,7
109,1354,6
110,1109,5
110,1029,4
110,494,4
110,1292,2
111,784,4
111,1983,5
112,411,4
112,1213,4
112,1478,3
113,57,9
113,518,5
113,186,1
114,517,8
114,420,1
114,1164,8
115,1804,6
115,755,1
115,1034,8
115,467,2
116,2014,2
116,219,3
116,611,10
116,1244,2
117,485,9
117,1704,10
118,1558,8
118,1813,5
119,1250,10
119,246,10
119,406,4
119,864,5
120,643,4
121,307,3
121,10,7
122,1924,5
122,133,4
122,1180,5
122,1859,2
123,1083,10
123,810,7
124,920,3
125,582,2
125,244,3
125,1259,10
126,1798,2
126,1919,5
126,1648,5
127,1793,2
127,163,7
127,1320,10
127,1025,1
128,937,10
129,1103,10
130,717,8
131,1139,3
131,1785,8
131,373,8
131,1425,7
132,1315,2
132,658,6
132,1686,8
133,1640,9
133,150,8
133,360,6
134,1324,2
134,1655,9
134,4,9
135,1692,1
135,768,9
135,1481,10
135,2041,8
136,833,5
137,1179,8
137,1985,2
138,980,3
139,56,9
139,1671,2
139,920,2
140,481,3
140,2041,5
140,1119,7
140,1976,8
141,1870,9
141,592,7
142,559,2
142,1131,7
143,1094,1
143,1158,5
143,2005,3
144,1983,6
144,1361,9
144,1545,8
144,1318,4
145,1568,4
145,1682,1
146,1937,7
146,1581,3
146,2028,1
147,1359,2
147,1803,2
148,62,3
148,1679,3
148,306,8
148,1085,6
149,328,6
149,1556,6
149,1998,9
149,147,10
150,961,5
151,370,7
151,403,2
152,681,5
152,118,1
152,1328,1
152,1201,6
153,1764,3
153,1000,9
153,1687,10
154,696,3
154,323,10
155,986,8
155,586,4
155,1888,5
155,1882,5
156,1905,5
157,302,8
157,1415,10
158,1737,5
158,1871,5
158,815,7
159,436,4
159,1562,10
159,1470,10
159,1211,5
160,1621,5
161,200,10
162,1172,4
162,1443,4
162,778,10
162,1026,3
163,161,5
164,136,10
164,1494,3
164,369,5
164,1338,7
165,822,3
165,1498,9
166,673,5
166,1973,5
166,1387,2
167,308,3
167,924,7
167,1498,2
167,1616,1
168,506,8
168,1509,5
168,1560,6
169,957,8
170,1343,10
171,258,8
171,1237,7
172,572,1
173,1246,8
174,398,4
175,1591,8
175,1519,9
176,632,7
176,405,8
176,1671,5
176,134,6
177,1816,8
177,967,6
178,1504,9
179,248,7
179,1130,4
179,500,8
180,868,10
181,207,6
182,515,10
182,840,2
183,884,4
183,1345,3
184,1135,3
185,1026,3
185,450,1
186,60,6
186,974,10
187,64,3
187,1086,1
187,519,7
188,260,8
189,1482,9
189,446,8
189,907,10
189,177,9
190,1876,1
190,249,8
190,1645,7
191,2008,8
192,330,6
193,269,3
193,1126,10
194,1560,10
194,1207,8
194,1762,2
195,880,7
196,935,7
196,1388,8
196,1633,7
196,389,6
197,1280,5
197,1533,3
197,1942,2
197,373,2
198,1768,2
199,532,9
199,245,10
199,1350,2
200,1448,7
200,210,5
200,1279,6
200,424,10
201,633,8
201,918,2
202,1505,2
202,1141,10
202,926,7
203,1095,1
204,1119,5
204,1391,6
205,743,3
206,285,3
206,125,2
206,881,7
206,1719,8
207,644,6
207,1276,6
207,347,1
208,644,10
208,203,2
209,1814,7
209,1989,10
209,1810,7
210,882,9
210,466,6
210,1760,2
211,1993,9
211,1263,1
211,903,7
212,31,4
213,865,3
213,1046,5
213,1343,2
214,2037,7
215,529,7
215,942,9
216,295,7
216,173,7
216,76,8
217,1282,10
218,1656,7
218,1185,2
218,1659,1
218,1330,3
219,1482,2
219,1788,2
219,996,7
219,1640,9
220,1621,5
221,907,6
221,688,2
221,467,9
222,1431,6
222,604,4
223,599,5
224,710,10
224,626,2
225,2023,8
225,1838,10
226,1294,3
226,1801,2
226,1920,8
227,1125,10
227,230,6
227,303,5
228,1851,1
228,233,6
228,1175,2
228,369,10
229,1895,10
229,168,8
229,771,6
229,1948,9
230,253,8
230,423,6
231,706,1
232,1793,8
232,650,6
233,1158,7
233,1674,6
233,214,6
234,1350,2
235,1163,5
235,615,6
235,333,10
235,579,6
236,1605,3
236,347,5
236,1542,6
237,382,7
237,1482,1
238,1265,3
238,877,6
238,1991,4
239,563,3
239,316,5
240,154,6
241,1543,3
241,664,3
242,1792,1
242,1682,6
243,1819,10
243,1167,8
244,979,5
244,1921,4
245,1804,8
245,1154,7
245,1714,3
246,566,5
246,213,8
247,420,9
247,510,5
247,343,3
248,1840,9
248,603,7
248,375,4
249,1431,1
249,1699,1
249,1623,9
249,1531,4
250,334,6
250,919,1
250,1305,2
250,1373,3
251,156,5
251,1935,3
252,1837,10
252,21,2
252,77,5
252,883,3
253,455,5
253,973,5
253,499,1
253,976,7
254,257,2
254,2047,10
254,67,9
254,990,3
255,1758,1
255,1445,4
255,1706,3
256,1477,2
257,1599,8
258,1584,6
259,66,6
259,276,6
259,987,2
260,546,1
260,1443,9
260,1386,3
261,1960,3
261,552,2
261,1874,1
261,1201,4
262,817,1
263,1270,9
263,1631,9
263,1939,5
264,782,5
265,195,6
265,1119,2
265,1507,7
266,1801,7
266,1388,3
266,2032,8
266,1504,9
267,338,7
267,323,7
267,739,9
268,1315,2
268,327,6
268,1210,5
269,1745,3
269,1818,6
269,1831,1
269,1444,10
270,1124,1
270,307,7
270,1488,9
270,655,1
271,1794,1
271,517,2
272,1500,6
272,1568,10
273,628,8
274,1523,8
274,314,10
274,563,9
275,1630,6
275,1141,4
275,464,1
276,2044,9
276,1585,9
277,1072,5
278,878,10
278,1169,8
278,819,2
278,555,2
279,707,8
279,359,6
279,1423,2
279,1189,5
280,713,6
280,918,2
281,568,4
281,2023,1
282,1511,8
282,531,10
282,353,2
283,1630,8
283,1682,7
283,302,3
284,303,8
284,1908,9
284,1411,3
285,528,7
285,226,2
286,1245,3
286,663,6
287,1417,9
287,1163,2
288,804,9
288,1124,3
288,1240,10
289,690,10
290,701,10
290,1382,10
291,116,2
292,1084,4
293,124,8
293,1186,5
293,1978,4
293,1663,5
294,298,1
294,647,8
294,1702,8
294,1902,4
295,588,6
295,1307,6
295,1633,3
296,434,6
296,990,8
296,501,5
297,1015,3
297,396,1
297,1188,7
297,1712,4
298,1341,10
298,1280,4
299,2040,9
299,1912,8
300,2037,1
300,368,7
300,1872,4
301,1445,1
301,207,5
302,1927,5
302,33,2
302,1765,3
302,1083,6
303,1498,1
303,1640,1
303,797,6
303,1182,2
304,1844,9
304,1145,10
304,486,3
304,396,7
305,1388,9
305,1497,3
305,815,10
306,164,1
306,159,3
306,1364,8
306,1871,3
307,1343,10
307,1304,3
308,1225,10
308,1377,9
308,2006,10
308,1227,8
309,1508,6
310,1706,10
311,109,10
311,1943,5
311,932,1
312,698,9
312,1557,3
312,992,1
312,450,4
313,1806,6
314,620,7
314,835,7
314,1931,1
314,565,9
315,1331,8
315,1543,6
316,1882,9
316,1402,9
317,1082,10
317,1983,4
317,1009,5
318,921,5
318,1183,4
318,2002,6
319,1428,9
319,1120,5
319,499,10
319,1555,7
320,599,5
320,172,5
320,323,6
321,1050,8
321,876,4
321,1110,9
321,1112,3
322,980,4
323,924,4
324,410,7
325,1934,2
325,563,1
325,646,7
326,1955,4
326,1176,6
326,1169,1
326,366,10
327,152,3
327,1711,3
328,1626,8
329,1185,1
329,37,5
330,1372,5
331,2023,3
331,1917,5
331,789,2
331,1354,3
332,1053,3
332,57,6
332,1208,10
332,791,3
333,1751,9
333,1343,2
333,1641,2
333,756,3
334,1325,4
334,27,5
334,1571,4
334,1829,5
335,1236,10
335,46,5
335,1472,4
336,484,8
337,654,7
337,1273,2
337,1208,6
338,897,3
338,1958,3
339,1530,7
339,1928,9
339,894,4
339,335,9
340,1481,2
340,459,1
340,828,10
340,613,3
341,1809,2
341,841,10
341,2002,2
342,227,8
342,540,9
342,1701,8
342,236,9
343,1262,1
343,1621,5
343,12,4
343,299,1
344,1411,2
344,246,2
344,1933,1
344,1175,7
345,554,7
345,1533,7
346,1546,7
346,328,9
346,544,6
346,485,3
347,521,4
347,14,1
347,1222,8
347,1737,9
348,940,4
348,1886,6
348,635,5
348,772,2
349,1717,10
350,985,4
351,413,10
352,1828,10
353,1002,1
354,1797,4
354,889,1
354,573,9
354,1184,4
355,1313,4
355,1236,3
355,905,7
356,1127,1
356,717,7
356,2030,1
357,1561,9
357,1305,7
357,1672,3
358,1541,3
358,1939,4
358,923,5
359,1896,1
359,1690,7
360,1590,4
360,1044,4
361,323,8
361,1519,2
361,780,1
362,1544,10
362,161,2
362,770,10
363,1963,4
363,1363,5
364,867,4
365,1961,4
366,1624,4
366,1317,5
367,1909,9
367,1471,5
367,1071,6
367,2036,8
368,1923,6
369,1518,6
369,1695,1
370,597,1
370,1068,9
371,1209,3
371,803,6
371,942,7
371,1006,8
372,1054,8
372,2009,8
372,689,6
373,573,9
373,2000,3
374,138,2
375,26,7
376,947,2
376,618,1
377,1867,6
377,247,10
378,1998,1
378,27,9
378,1684,1
378,68,9
379,1174,1
379,1763,3
379,438,2
380,987,4
380,1033,6
381,1625,2
381,1528,7
381,1880,10
382,925,5
382,330,1
383,1660,7
384,1949,1
384,38,3
384,338,8
384,1777,6
385,174,4
386,1947,5
386,190,2
387,134,3
387,1288,1
387,848,10
388,1631,2
388,1225,3
389,1593,9
389,1358,7
390,321,9
390,1416,1
391,1790,4
392,1395,10
393,1336,1
393,1119,8
393,2009,4
393,1457,9
394,1768,3
394,1556,2
394,1209,4
394,301,2
395,631,7
395,631,7
395,1297,6
396,374,1
397,1821,6
397,1104,2
397,542,2
398,1765,8
398,1671,2
399,367,6
400,1328,7
401,1195,7
402,346,9
402,994,10
402,694,7
402,694,3
403,1233,5
403,2019,3
403,259,3
404,1130,7
404,1227,8
404,315,6
404,1030,4
405,800,8
405,438,3
405,1247,1
405,1620,6
406,1349,8
406,1371,7
406,557,5
406,1313,10
407,1962,6
407,727,7
408,1193,8
408,992,6
408,1540,5
409,1495,2
409,818,10
409,736,9
409,110,8
410,1795,5
410,283,7
411,570,5
411,991,5
411,631,7
411,1544,2
412,1962,10
412,1641,9
412,1713,9
412,150,6
413,447,4
414,681,10
414,181,10
414,1636,6
415,433,1
415,403,5
415,909,9
415,905,8
416,1602,8
416,617,6
416,100,8
417,1210,7
418,475,3
419,1277,6
419,1865,4
419,1978,6
420,399,8
420,1853,6
420,275,5
420,183,2
421,1405,2
422,999,9
422,714,9
423,1355,9
423,1746,8
424,1659,3
424,763,7
425,119,10
425,808,8
425,1759,7
425,18,4
426,1140,2
426,416,9
427,1498,6
427,807,8
428,1074,8
429,1591,10
429,1607,10
429,467,6
430,1875,10
430,706,5
430,347,3
431,482,4
431,1250,2
431,749,6
432,1591,7
432,564,10
433,1732,3
433,1993,9
433,709,9
433,683,8
434,574,3
434,1288,8
434,219,6
435,1984,3
436,1572,9
436,2027,7
437,1702,8
437,2001,3
437,338,10
437,126,4
438,133,5
438,920,9
438,1182,3
439,2028,9
439,463,10
439,467,5
439,1502,9
440,1807,9
441,1741,2
441,1013,5
442,1842,5
443,356,8
443,480,4
443,859,10
444,1753,3
444,570,4
444,847,1
445,1151,10
445,689,6
445,1198,5
446,390,3
446,1685,1
446,1135,3
447,1022,3
447,1319,4
448,2004,3
448,1100,7
448,1536,8
448,309,2
449,1139,6
449,1862,8
449,1340,10
449,10,2
450,1467,2
450,1629,4
450,1759,4
450,2026,5
451,1161,6
451,534,10
451,1987,6
452,188,2
453,66,2
453,647,8
453,1869,1
453,1752,4
454,1236,3
454,1122,2
455,1025,2
455,1523,3
455,212,7
456,959,7
456,373,2
456,4,4
457,319,3
457,926,9
457,1822,1
457,33,6
458,1729,3
459,290,4
459,1569,2
459,419,2
459,1283,6
460,561,7
460,545,3
460,280,9
461,672,8
462,872,3
462,1686,10
462,1812,4
463,411,3
464,1572,6
465,1288,3
465,1014,5
465,345,4
465,1167,1
466,841,9
466,772,7
466,1210,1
467,2027,7
467,461,4
468,290,9
468,49,6
468,1296,3
468,1584,10
469,1496,9
469,707,8
469,298,1
469,276,1
470,883,1
470,247,7
470,1173,9
471,1734,7
471,337,9
471,625,5
471,342,5
472,832,3
473,1600,10
473,270,5
473,1791,4
474,1001,2
475,1857,10
475,225,5
475,719,2
476,562,1
477,2033,6
477,1061,3
478,519,5
478,483,1
478,1372,7
479,261,5
479,315,8
479,1864,9
480,227,8
480,683,6
480,644,5
481,472,4
482,180,1
483,188,8
483,1490,7
484,733,1
484,1717,4
485,1016,7
485,1310,5
485,319,10
486,489,9
486,215,3
486,914,9
487,1642,2
488,1156,5
488,1340,2
488,1870,1
488,1511,4
489,1244,10
489,993,8
489,1508,10
490,800,9
490,1004,3
490,26,7
490,97,4
491,39,6
491,5,7
491,1259,2
492,975,7
492,2015,1
493,1146,2
493,179,4
494,1525,8
494,347,10
494,391,9
494,546,7
495,255,7
496,969,5
496,1069,6
497,1336,6
497,1854,5
497,956,2
497,830,3
498,636,2
499,1841,8
499,1286,7
500,1467,4
501,1262,8
501,1085,2
501,370,3
501,1246,10
502,880,6
503,373,4
503,1457,7
504,1224,5
505,127,7
505,1852,9
506,387,8
506,417,3
507,48,1
508,535,4
508,1640,6
509,1060,2
510,264,4
511,527,2
511,1358,2
511,174,8
511,207,3
512,1617,8
512,120,7
512,1747,3
512,1449,4
513,1126,5
513,1826,3
514,1006,5
515,1687,9
515,1962,1
515,359,5
515,1568,3
516,816,9
516,1020,9
516,79,7
516,1470,8
517,1409,10
517,1317,7
517,1107,3
517,106,6
518,120,5
518,239,8
519,953,3
519,410,4
519,987,5
520,898,10
521,1453,3
521,721,4
521,1302,6
521,115,6
522,771,8
522,1265,3
523,155,2
523,230,4
523,896,1
523,1957,1
524,825,3
524,1395,3
524,1325,1
525,605,10
526,454,9
526,1494,2
527,1620,10
527,413,6
527,1236,6
528,645,7
528,1995,6
529,1461,4
529,718,7
530,1206,3
530,727,1
530,1603,10
531,745,10
532,904,10
532,426,8
532,576,6
533,974,6
534,687,2
534,1375,8
534,46,5
535,1022,2
535,1435,5
536,5,1
537,1794,7
537,681,7
537,2019,7
537,1438,9
538,415,8
538,923,3
538,1848,2
538,136,5
539,1305,5
540,303,6
541,1537,3
541,307,9
542,1384,10
543,126,7
543,675,10
543,1778,3
543,219,2
544,841,4
544,1676,9
544,1086,5
545,972,2
545,203,7
545,2010,3
546,1477,1
547,358,5
547,1967,4
547,397,1
547,847,3
548,335,8
548,473,5
548,1628,8
549,1085,2
549,1587,3
549,1519,7
549,1513,3
550,182,5
550,1801,8
550,1078,4
550,1100,10
551,619,2
552,1408,9
553,931,9
553,249,7
553,1714,9
553,1944,10
554,1950,5
554,323,7
555,603,2
556,708,3
556,867,4
556,516,1
556,1734,2
557,827,3
557,1056,6
557,274,2
557,1589,9
558,1335,5
558,1876,1
558,1718,2
558,1697,3
559,410,2
559,413,5
560,1683,5
560,1568,8
560,1937,1
561,1128,7
561,589,10
562,158,7
562,1357,4
562,201,8
562,1100,6
563,1383,5
564,1148,8
564,402,4
564,550,5
565,1314,5
565,1707,10
565,365,4
565,1809,4
566,1984,9
566,1531,1
566,651,2
566,1274,9
567,555,9
567,118,3
567,789,4
567,236,4
568,1869,1
569,815,5
569,1508,8
569,1625,2
570,990,6
571,1827,3
571,1943,10
571,1432,6
571,669,5
572,1167,1
573,203,3
573,877,4
573,922,4
573,1102,7
574,36,8
575,709,10
575,34,4
576,1251,5
576,1735,7
576,1428,8
577,893,8
577,1237,9
577,1626,10
578,30,9
579,1157,5
579,442,8
579,261,6
580,1331,5
580,1069,5
580,771,3
581,232,10
581,1655,6
582,104,8
582,1210,5
583,1657,7
583,144,10
583,777,6
583,910,9
584,1468,9
584,1229,3
584,741,5
584,399,8
585,1059,9
585,749,6
586,910,6
587,1257,7
587,1357,6
588,1204,8
588,482,8
588,219,10
589,1934,4
590,1563,9
591,1692,1
591,617,3
591,820,6
592,1874,3
592,1295,3
592,331,8
592,1362,3
593,237,1
593,1851,5
593,857,3
594,2005,2
594,530,10
595,1758,7
595,1757,8
595,1570,1
595,154,9
596,1528,1
596,1319,9
597,73,1
597,1019,4
598,1278,3
598,420,7
598,1253,3
599,187,5
600,1867,9
600,1383,7
600,548,6
601,1471,4
601,675,7
601,78,4
601,918,3
602,89,10
602,692,2
603,153,7
603,1047,9
603,199,10
604,442,1
605,474,7
606,1557,2
606,1035,8
606,627,4
606,38,5
607,413,9
607,1105,10
607,561,7
607,429,9
608,1157,2
609,2038,4
610,1077,9
610,826,6
611,1209,3
611,161,9
611,2033,4
611,1968,6
612,11,1
612,364,2
613,610,2
613,307,2
613,1048,4
613,1870,5
614,1901,1
614,408,3
614,161,5
615,1280,7
615,474,2
615,187,1
616,698,6
616,1464,8
617,380,6
617,1403,3
617,466,7
618,1869,5
618,1579,8
618,1727,3
618,463,3
619,652,2
620,1977,10
620,1794,3
620,1555,6
620,118,3
621,1999,2
621,1684,8
621,188,2
621,1071,6
622,917,6
623,1772,4
624,1416,7
624,608,9
624,223,1
624,642,9
625,2030,3
625,306,8
625,1313,4
625,1355,5
626,912,9
627,1651,4
627,322,8
627,1819,10
627,1835,2
628,1831,6
628,486,8
628,72,2
628,1652,7
629,0,2
630,847,8
630,1396,6
630,222,4
631,1359,9
631,1937,6
631,1853,2
631,399,4
632,1398,6
633,1531,2
633,187,3
633,2016,3
634,438,5
634,802,4
634,494,7
634,883,8
635,1384,2
635,1697,1
636,1845,8
637,2043,1
637,198,9
638,1978,9
638,725,10
638,711,3
638,424,7
639,1575,7
639,1016,5
639,1629,6
640,1854,3
640,565,7
640,1224,9
641,890,4
641,858,10
641,1190,6
642,728,9
642,1320,2
643,1967,10
643,1709,9
643,1171,7
644,436,1
645,595,1
645,231,4
645,1093,3
645,1173,5
646,254,5
646,835,9
647,1469,8
648,918,9
649,973,9
649,1178,1
649,1562,7
649,1706,6
650,53,5
651,1814,4
651,1506,10
652,792,5
652,1838,3
653,765,3
654,1545,1
655,1143,9
655,1082,3
655,659,10
655,1044,1
656,1910,3
656,163,3
656,1321,10
657,1233,8
658,298,6
658,900,3
658,279,9
659,1703,9
659,1652,2
660,906,4
660,1359,6
660,1477,5
661,1945,9
661,36,2
662,1825,4
662,998,1
662,1314,7
663,1580,5
664,101,9
664,1535,9
664,1825,8
665,1214,4
666,337,2
666,685,9
666,30,2
667,873,7
667,425,4
668,295,3
668,97,8
668,1358,1
668,358,2
669,729,5
670,932,5
671,1589,8
671,1656,7
671,1295,1
671,1595,2
672,259,10
673,297,6
674,1187,5
675,1153,8
676,1618,1
676,1941,3
676,900,3
676,1601,9
677,590,5
677,1528,1
677,579,2
678,20,10
679,348,5
679,860,6
679,867,7
679,583,3
680,904,10
680,1035,4
681,742,10
682,1889,9
683,1190,2
684,402,4
684,1995,6
684,1462,3
685,409,5
685,285,4
686,1990,8
686,1344,10
686,1252,10
687,1492,6
687,1754,3
688,1282,4
689,1786,5
689,1472,3
690,1965,8
690,1824,6
690,1251,8
691,719,10
692,1149,3
693,1078,2
693,308,1
694,1659,10
695,150,9
695,1067,9
696,608,6
696,1607,4
696,1191,3
696,1903,9
697,1625,6
698,978,10
699,574,8
699,652,3
700,1980,6
700,165,4
701,949,2
701,1082,6
701,958,1
701,846,9
702,1589,8
702,1862,1
702,163,6
703,1120,5
704,1542,7
704,1496,10
705,1030,7
706,1662,6
706,1413,8
707,27,9
707,569,8
707,678,4
707,315,9
708,866,3
708,765,3
708,1483,10
709,943,7
710,464,8
710,1961,8
710,863,10
711,1683,1
711,998,1
712,659,3
712,160,10
713,229,3
713,1057,3
714,76,5
714,351,4
714,1839,10
714,1930,8
715,898,7
715,584,10
716,1083,3
716,1403,8
717,941,7
718,541,2
718,67,4
718,1719,3
718,394,3
719,159,9
719,481,2
719,1975,3
719,4,7
720,1517,1
720,1757,4
720,1974,7
720,1435,10
721,1742,3
722,1954,4
722,343,5
722,1673,5
723,22,1
723,482,9
724,1536,4
725,1674,6
725,436,3
725,1745,10
726,1070,9
726,1734,10
726,1497,10
727,1627,4
727,1692,9
727,1976,3
728,1981,5
728,1256,10
728,1410,7
729,487,4
729,1829,3
730,878,9
731,1386,9
731,213,3
731,1593,1
731,373,3
732,1783,2
732,262,5
732,908,6
732,327,10
733,1574,7
734,235,3
734,2024,8
734,43,4
735,797,1
735,948,10
735,694,1
736,979,1
736,644,2
736,1130,7
737,1618,7
737,820,9
737,62,2
738,1165,9
739,1423,5
739,926,10
739,796,8
740,19,5
740,716,7
740,436,9
740,296,9
741,1392,2
741,1055,9
741,1024,8
742,1980,4
742,1391,8
742,1887,10
742,112,8
743,1056,2
744,902,4
744,1293,7
744,1446,9
744,39,5
745,1176,2
745,1634,6
746,731,8
747,1448,4
747,1102,3
747,778,8
748,961,4
748,1087,4
749,830,4
749,1458,3
750,491,2
751,27,9
751,173,8
751,1520,10
751,1291,8
752,2010,3
752,1147,7
752,909,10
753,221,9
753,1733,8
754,1422,7
755,1872,2
755,1884,6
756,48,4
757,412,6
757,1481,10
757,1063,3
757,1076,4
758,1930,10
758,1405,6
758,753,8
759,862,7
759,1524,6
759,1640,5
759,1846,3
760,936,2
760,1105,4
761,1560,4
761,597,3
761,1937,1
761,723,7
762,550,9
762,1293,8
762,1228,5
762,195,7
763,669,1
764,1041,8
764,394,8
765,1064,6
765,1475,9
765,1055,6
766,1686,2
767,814,10
767,714,5
767,1454,6
768,1830,2
768,1560,10
768,1173,8
768,593,3
769,1727,10
769,1657,2
769,324,3
770,934,6
770,1297,5
770,1095,10
771,1111,8
771,1487,10
771,1844,7
771,685,3
772,512,4
773,327,4
773,683,7
773,421,2
774,1938,9
775,107,7
776,425,5
777,345,7
777,1267,4
778,1163,8
778,517,3
779,117,1
779,1461,6
780,1913,9
780,1115,9
780,1822,3
780,725,10
781,1781,9
781,1268,6
781,1972,9
781,930,2
782,1261,6
782,1688,5
782,637,5
782,43,1
783,1408,5
783,1921,9
784,2014,8
785,37,7
785,1199,10
785,947,1
786,772,7
786,1790,7
786,1023,3
787,1549,4
787,1077,2
787,1729,4
787,1113,5
788,1691,4
788,280,3
788,559,5
789,1865,10
790,1114,10
790,2015,4
790,1313,1
790,623,1
791,761,2
792,1102,3
792,1795,1
792,953,2
793,60,8
793,889,6
794,1276,8
794,1521,8
794,129,6
794,328,3
795,1091,7
796,1925,3
797,1024,7
797,51,2
798,1576,8
798,1012,1
799,1887,2
799,853,8
800,1278,6
800,649,1
800,500,5
800,1971,5
801,1476,1
801,892,2
802,1778,6
802,61,3
803,490,7
803,995,1
803,172,10
804,634,6
804,366,4
804,645,8
804,374,10
805,245,1
805,1456,3
805,439,3
806,953,6
806,1422,8
806,790,1
806,1547,6
807,1026,1
807,1987,8
808,2007,4
808,764,9
808,1424,6
809,1127,10
809,656,2
809,634,8
809,1211,5
810,1859,1
810,1552,3
810,76,10
811,978,6
811,259,9
811,1587,4
812,631,10
812,1159,6
812,1678,6
812,452,2
813,179,3
814,128,4
814,438,8
815,404,1
815,1591,8
816,201,6
816,904,10
816,290,1
817,2012,2
817,1917,1
818,1703,6
818,238,10
818,1088,9
819,288,5
820,884,9
821,414,4
822,776,4
822,1018,10
822,732,9
822,1700,2
823,1878,7
823,426,3
823,738,9
824,1382,3
824,1814,6
824,1290,9
824,1329,6
825,1763,6
825,985,10
825,876,7
825,1040,6
826,1832,7
826,0,1
826,1165,10
826,66,9
827,1236,1
827,1230,4
828,1289,1
828,1130,9
829,386,1
829,1885,6
830,566,5
830,1503,10
831,954,5
831,1230,2
832,890,2
832,1329,8
832,708,8
832,390,10
833,153,10
833,1562,2
833,229,6
834,1778,7
834,493,4
834,46,7
835,1248,9
836,1307,9
837,1338,9
837,904,3
838,1609,8
839,909,7
840,1615,3
840,541,6
840,338,8
841,1635,5
842,1632,9
843,534,3
843,1969,9
843,811,8
843,1619,10
844,1008,4
844,293,5
845,1324,10
845,366,2
845,1694,7
845,1496,6
846,1313,6
846,99,5
847,1432,10
847,1811,10
848,1804,1
848,956,4
849,638,2
849,460,1
849,995,10
850,1178,1
850,1406,2
851,1843,8
851,93,6
851,856,9
852,834,9
852,1059,9
853,578,1
853,1542,10
853,178,5
853,697,1
854,822,10
854,1111,1
854,1904,1
855,1591,5
856,441,1
856,1198,7
856,946,7
857,1292,8
858,763,4
859,88,1
859,1013,9
859,1248,6
859,2006,7
860,75,6
860,1441,6
861,967,9
861,1129,1
861,1055,7
862,1147,4
863,1399,7
863,562,2
864,931,7
864,984,10
864,625,7
864,1279,10
865,1839,9
865,539,4
865,567,10
866,565,5
866,553,7
867,647,6
867,277,9
868,754,6
869,120,6
869,1695,7
870,1814,5
870,622,4
870,437,3
871,107,10
871,1093,10
872,951,4
872,106,6
873,1952,3
874,1531,3
874,1587,8
874,1940,3
874,670,4
875,132,7
875,61,5
876,911,4
876,837,2
876,725,8
876,2006,6
877,1010,7
877,1658,1
877,1558,6
877,1614,10
878,447,8
879,173,4
879,1620,1
879,1586,9
879,201,4
880,1800,7
880,1247,5
880,1889,3
881,1205,10
881,223,9
881,582,8
881,1850,2
882,736,10
883,1610,7
883,1324,8
884,732,8
885,1862,2
885,1024,6
886,506,2
886,467,8
887,349,9
887,1573,9
887,654,7
888,179,3
888,1372,10
888,614,3
888,592,3
889,1718,5
890,1827,5
890,740,2
890,538,4
891,1036,1
892,2038,8
892,23,10
892,2021,4
892,888,10
893,1858,7
893,1809,2
893,26,4
893,1139,10
894,200,3
894,607,1
895,150,3
895,132,10
895,1222,6
896,200,2
897,730,3
897,1164,10
897,726,8
897,1475,1
898,1225,6
899,1552,2
899,1750,9
899,265,5
900,551,2
900,1124,6
900,1694,9
900,859,4
901,447,10
902,1981,10
903,1749,10
903,1296,5
903,1449,3
904,2038,8
904,736,10
904,953,5
904,792,1
905,98,8
906,849,10
907,1695,1
907,1367,6
907,869,1
907,824,5
908,277,5
908,1229,9
908,1326,1
909,1365,6
910,119,3
910,794,6
910,1384,8
910,1943,1
911,1972,3
911,1886,9
912,1894,7
912,229,9
912,1226,10
913,76,4
913,1358,6
913,271,3
914,127,6
914,1536,9
914,679,10
915,767,10
915,478,5
915,1288,1
915,1112,7
916,2035,4
917,1851,5
917,885,9
917,1238,3
918,1532,1
919,379,8
919,102,8
920,779,6
920,1980,9
921,1340,3
921,402,9
921,543,4
922,1881,7
923,16,5
924,356,6
925,188,2
925,1279,1
925,1278,4
925,1314,4
926,1173,5
926,1307,8
927,1116,3
928,1120,2
928,62,10
929,846,9
930,1304,5
930,579,5
930,1002,3
931,1275,10
932,1817,1
932,532,1
932,1928,1
933,1571,1
934,1746,7
935,1826,10
935,1456,5
936,811,9
936,321,8
936,539,2
937,398,8
937,1271,8
937,1927,4
937,916,3
938,1488,7
938,751,6
938,1330,8
939,123,2
939,1946,2
939,1439,8
939,1889,3
940,1427,10
940,521,9
940,421,7
941,1334,9
942,1237,9
943,1641,10
943,1693,4
943,998,9
943,651,8
944,270,6
944,852,10
944,1765,7
944,1401,9
945,708,2
945,1993,2
946,1332,9
946,399,8
946,721,5
946,1662,2
947,1552,6
948,251,2
948,891,3
948,0,3
948,611,8
949,1597,10
949,1831,4
949,842,6
950,1247,7
950,1410,2
950,33,10
951,522,5
951,255,6
951,217,1
951,1471,2
952,127,4
952,1768,10
952,1614,6
953,1663,7
953,1782,9
953,865,3
953,1945,3
954,1575,6
954,1708,3
955,514,3
955,47,2
955,64,3
956,1788,3
956,346,3
956,1703,8
956,1743,10
957,1861,9
957,1737,9
958,1575,6
958,924,3
958,1739,10
958,30,10
959,969,9
959,1102,7
959,1503,1
959,155,10
960,1509,2
960,1972,2
960,581,9
960,1144,8
961,362,4
962,319,9
962,1279,10
962,216,6
962,44,8
963,1921,10
963,1357,7
963,1445,5
963,1184,3
964,1245,10
965,251,8
965,692,10
965,211,5
966,1174,8
967,519,9
968,1138,5
969,1150,5
969,1052,1
970,715,10
971,1829,6
971,718,5
972,1986,3
972,135,6
973,594,10
974,2031,7
974,1569,4
975,685,4
975,1413,1
975,1082,2
975,215,3
976,1633,8
976,1234,8
976,957,7
976,1597,8
977,594,9
977,1780,1
977,1182,8
978,1293,9
978,168,2
978,1449,7
978,1116,6
979,1093,2
979,1045,10
979,1602,8
980,798,9
980,1382,3
981,43,1
981,278,1
981,1684,2
982,1826,6
983,1160,5
983,790,1
984,376,1
985,498,2
985,353,10
986,1539,10
986,756,2
987,1037,5
987,1912,2
988,1132,7
988,1324,5
988,663,2
988,1135,1
989,1591,6
989,246,5
989,1084,3
989,1804,2
990,821,10
990,1608,3
990,2015,2
990,589,9
991,894,10
991,435,8
991,1060,2
991,142,2
992,1026,8
993,2038,3
994,154,7
995,620,6
995,1602,10
995,15,9
996,1958,7
996,1654,2
996,925,1
996,1574,8
997,1470,6
998,1640,1
998,371,6
998,1392,2
999,1187,4
999,723,9
999,161,7
999,782,5
1000,437,6
1000,1992,2
1000,1793,4
1000,573,1
1001,103,10
1001,976,8
1002,258,9
1002,1260,8
1002,1840,1
1002,151,6
1003,1383,1
1004,484,4
1004,1877,9
1004,610,10
1004,954,2
1005,579,8
1006,1930,10
1007,994,3
1008,705,1
1009,398,8
1009,699,10
1009,261,2
1010,2036,10
1011,258,4
1011,1745,6
1012,1328,2
1012,562,6
1012,873,1
1012,710,6
1013,494,5
1014,1700,3
1014,1515,9
1015,1796,4
1015,166,3
1016,1540,3
1017,1994,2
1018,29,3
1019,1162,7
1020,519,4
1020,586,5
1020,1844,7
1020,979,3
1021,737,8
1022,1233,6
1023,18,9
1023,965,4
1023,481,9
1023,391,10
1024,898,8
1024,852,5
1024,217,4
1025,611,8
1026,722,3
1026,176,1
1026,1491,5
1026,858,7
1027,1369,10
1027,1856,1
1027,427,1
1028,647,1
1028,1986,9
1029,290,4
1030,1335,7
1030,814,6
1030,942,2
1030,1335,4
1031,971,7
1032,1538,4
1032,301,8
1033,222,7
1033,593,4
1033,1863,3
1033,1586,6
1034,1874,4
1034,1468,5
1035,1375,3
1035,131,10
1036,1149,3
1037,1906,8
1038,701,6
1038,900,5
1038,642,10
1038,696,10
1039,354,7
1039,2003,4
1040,1895,5
1040,59,7
1040,1010,4
1040,1340,7
1041,610,10
1041,20,7
1042,164,8
1043,1743,9
1044,1963,2
1044,1853,8
1044,985,2
1044,50,7
1045,543,6
1045,1211,4
1046,65,8
1047,662,8
1047,99,8
1047,1899,3
1048,757,6
1048,1901,1
1048,289,7
1048,1363,9
1049,1214,7
1050,848,2
1050,1375,1
1050,1490,1
1051,1568,6
1052,167,6
1052,1500,3
1052,274,9
1052,838,3
1053,977,9
1053,465,8
1053,859,4
1054,1444,5
1054,1732,5
1054,223,2
1055,1414,8
1055,1991,9
1055,502,8
1056,1851,10
1056,1507,2
1056,771,8
1057,328,7
1058,1181,2
1058,447,3
1059,458,3
1059,2032,3
1059,836,9
1060,1200,7
1061,1941,6
1061,1720,8
1062,1194,4
1063,90,4
1064,1686,10
1064,1404,6
1064,1991,10
1065,1875,5
1065,540,5
1065,703,5
1065,928,8
1066,1180,1
1066,607,6
1066,1164,8
1067,658,9
1067,1168,3
1068,628,3
1068,974,2
1069,1296,10
1070,1805,5
1070,1514,3
1071,142,6
1071,1408,3
1072,1836,9
1072,665,9
1072,1235,2
1073,1657,8
1074,1876,6
1074,639,1
1075,1210,8
1075,1187,10
1075,602,10
1076,1387,2
1076,1961,1
1076,571,9
1076,478,5
1077,1645,10
1078,1826,6
1078,378,6
1079,799,10
1080,1138,4
1080,92,2
1081,357,9
1081,1615,4
1081,2008,6
1081,229,6
1082,605,7
1082,1514,7
1082,1527,1
1082,1165,6
1083,1261,8
1083,358,4
1083,1819,7
1084,1182,3
1084,1736,7
1084,571,10
1084,352,3
1085,1242,8
1085,1373,2
1086,362,1
1086,1677,5
1086,1697,3
1086,1892,10
1087,816,3
1087,1563,5
1088,172,5
1088,1244,8
1088,1898,4
1088,109,1
1089,1075,5
1089,1935,2
1090,1708,3
1090,2014,4
1090,116,2
1091,2019,2
1091,1481,10
1091,1968,10
1092,1056,8
1092,489,6
1092,71,5
1092,667,10
1093,598,6
1094,554,6
1094,668,1
1094,1116,6
1094,1718,6
1095,1187,5
1096,793,3
1097,684,9
1098,1295,5
1098,1111,6
1098,392,9
1099,588,1
1099,560,9
1099,1152,6
1100,1687,6
1100,667,2
1100,892,3
1100,905,4
1101,1709,8
1102,477,3
1103,1964,6
1104,1485,3
1104,1810,10
1104,1401,3
1105,117,2
1105,910,3
1105,583,4
1106,513,4
1106,533,2
1106,1740,2
1107,77,8
1108,174,4
1108,441,1
1108,242,8
1108,487,5
1109,271,5
1110,395,2
1111,819,3
1111,1439,1
1112,596,5
1113,1442,3
1113,990,9
1113,279,2
1114,888,4
1115,703,9
1115,17,2
1115,876,9
1116,1501,10
1116,758,8
1116,439,3
1116,1453,7
1117,877,9
1117,932,7
1117,462,6
1117,506,8
1118,556,8
1119,1180,9
1119,166,2
1119,1343,8
1120,1576,5
1121,1277,8
1121,925,9
1121,1668,5
1121,1752,4
1122,1948,6
1123,52,8
1123,430,7
1124,348,2
1124,587,7
1124,1640,10
1124,416,3
1125,1489,4
1126,820,10
1126,1655,2
1126,953,7
1127,1140,10
1127,1118,7
1127,1458,8
1127,1656,8
1128,603,8
1128,442,2
1128,1026,8
1129,945,3
1129,121,2
1129,216,2
1129,2040,1
1130,1567,10
1130,1339,3
1131,394,2
1131,2016,8
1131,827,5
1132,2008,9
1132,1071,9
1132,1407,9
1132,72,1
1133,487,7
1133,1843,6
1133,1541,8
1133,1882,1
1134,724,9
1135,672,8
1135,1764,3
1135,1279,7
1136,448,10
1136,2009,9
1136,1924,8
1136,640,9
1137,1603,5
1138,1547,10
1138,1444,5
1138,1312,1
1138,115,10
1139,525,6
1140,110,6
1140,1558,2
1140,1753,6
1141,1687,6
1141,231,4
1141,1014,4
1142,347,2
1142,1248,2
1142,1382,3
1143,1335,1
1144,1730,10
1144,1725,5
1144,83,8
1144,91,6
1145,1598,6
1145,400,8
1145,409,4
1145,1376,8
1146,682,10
1146,1226,6
1146,1785,4
1147,308,9
1147,876,5
1147,1086,1
1147,1217,10
1148,925,10
1148,376,10
1148,388,10
1148,1379,5
1149,1946,7
1150,1422,2
1150,1236,9
1151,1773,9
1151,1283,4
1151,1697,7
1152,1856,9
1152,739,1
1152,764,10
1153,872,8
1153,1097,9
1153,1776,10
1153,245,9
1154,1492,8
1154,605,4
1155,1229,7
1155,1680,6
1156,833,7
1157,1175,3
1157,1050,10
1157,967,7
1158,465,3
1158,786,1
1159,1271,8
1159,1988,9
1160,1728,1
1160,827,3
1160,1117,3
1160,119,5
1161,720,1
1161,1990,1
1161,226,2
1162,1220,2
1162,1667,6
1162,369,7
1163,966,2
1163,494,9
1164,2033,2
1164,975,10
1164,500,6
1165,1597,4
1165,1732,4
1165,590,2
1166,876,5
1166,1800,7
1167,229,8
1167,1534,2
1167,1296,9
1168,1945,4
1168,1137,3
1168,1486,8
1168,1506,5
1169,142,1
1170,1036,9
1170,1575,5
1171,499,9
1171,968,8
1171,1591,1
1172,1046,5
1172,369,4
1172,1218,4
1172,656,8
1173,1664,1
1173,1122,2
1173,2013,8
1174,1362,7
1174,411,3
1174,1068,9
1174,271,6
1175,1338,8
1175,112,1
1175,752,8
1175,557,1
1176,819,5
1176,1285,10
1176,336,2
1176,646,4
1177,1680,6
1177,1849,8
1178,1067,3
1178,1341,5
1179,345,7
1179,1505,3
1180,1545,10
1180,919,1
1180,94,9
1180,936,2
1181,812,5
1181,691,1
1181,1642,10
1181,1756,10
1182,611,2
1182,1507,3
1182,480,1
1183,1858,8
1183,485,4
1183,832,4
1183,1090,5
1184,1564,3
1184,1766,4
1184,882,5
1184,775,7
1185,1673,3
1185,117,5
1186,964,10
1186,1847,4
1186,1514,10
1187,351,1
1187,1920,3
1187,1324,7
1187,869,7
1188,1049,2
1188,390,9
1188,240,1
1188,1363,4
1189,1451,10
1189,186,1
1189,1038,9
1189,1560,5
1190,1519,3
1190,168,10
1190,734,5
1190,695,9
1191,1389,8
1191,540,2
1191,1299,9
1191,1773,3
1192,478,6
1192,180,3
1192,2044,5
1193,1761,5
1193,1078,10
1193,1080,9
1194,1784,3
1194,1292,8
1194,619,9
1195,217,4
1195,608,1
1195,941,3
1195,146,8
1196,669,8
1196,1787,2
1196,2027,1
1197,1460,9
1197,1987,8
1197,2019,2
1197,606,2
1198,383,4
1198,1163,3
1198,689,9
1199,869,10
1199,16,9
1199,739,7
1200,1008,8
1201,1346,1
1202,499,7
1202,1530,10
1202,434,6
1203,118,2
1203,1885,8
1204,1103,10
1204,23,6
1204,179,10
1204,1855,6
1205,865,1
1205,1158,6
1206,289,9
1207,379,7
1207,1045,3
1207,983,7
1207,365,1
1208,667,7
1208,1648,5
1209,493,5
1209,2010,7
1210,537,6
1210,393,6
1210,818,8
1211,1589,8
1211,1099,10
1211,1732,2
1211,1730,6
1212,1778,7
1212,380,1
1213,1898,4
1213,635,8
1213,343,5
1214,1791,2
1214,1956,5
1214,608,3
1214,1230,4
1215,1210,10
1215,195,9
1215,313,1
1215,440,9
1216,1691,2
1216,1903,10
1216,1037,6
1216,1043,10
1217,66,2
1218,735,3
1218,1609,1
1218,341,7
1218,1219,6
1219,1842,10
1219,1085,6
1219,766,4
1219,758,2
1220,435,7
1220,73,1
1220,1617,2
1221,703,8
1222,1659,10
1222,1993,5
1222,1477,7
1222,1239,2
1223,553,1
1223,781,2
1224,770,1
1225,1970,3
1225,990,7
1226,352,5
1226,1898,3
1227,1728,1
1227,477,3
1227,624,8
1227,1986,8
1228,1841,10
1229,824,5
1229,1604,1
1230,32,2
1230,1768,7
1230,2030,10
1231,151,8
1231,1637,8
1231,1998,4
1232,77,7
1233,260,5
1233,1708,8
1233,478,8
1234,1836,7
1234,85,3
1234,1179,4
1235,1408,8
1235,950,9
1235,899,10
1235,1389,10
1236,537,5
1236,1598,7
1236,1475,8
1236,663,10
1237,1156,2
1237,1977,3
1238,817,3
1238,2015,2
1239,2022,5
1239,961,4
1239,192,1
1239,1469,5
1240,649,3
1240,130,2
1240,1383,7
1241,928,2
1242,1992,5
1242,1393,6
1243,1095,3
1244,206,8
1245,454,2
1245,417,9
1245,171,9
1245,431,3
1246,841,6
1247,1196,8
1247,2041,2
1248,1489,6
1248,564,2
1249,1798,7
1249,26,4
1250,1398,5
1250,701,2
1250,1089,6
1250,1699,6
1251,620,9
1251,1727,4
1252,1756,7
1252,1676,8
1253,121,8
1253,596,1
1253,285,2
1254,1289,7
1254,673,7
1254,251,7
1255,618,10
1256,1211,7
1257,1246,6
1257,1409,1
1257,1145,9
1257,601,7
1258,840,9
1258,1811,6
1258,1656,4
1258,1235,2
1259,1370,7
1260,1162,4
1260,380,9
1261,1395,3
1261,95,1
1261,1059,4
1262,1731,9
1262,452,1
1262,1527,5
1263,507,1
1263,510,8
1263,1220,10
1264,1856,6
1265,957,6
1265,1225,5
1266,1546,9
1266,1014,2
1267,788,6
1267,1860,2
1267,600,7
1268,335,2
1268,254,7
1268,532,8
1268,879,8
1269,1512,9
1270,1617,5
1270,2043,7
1270,1802,8
1270,1707,3
1271,520,8
1271,1874,3
1272,870,8
1273,133,3
1273,1512,2
1273,1673,2
1273,495,6
1274,164,9
1274,627,2
1274,1521,5
1275,1242,5
1275,1990,1
1275,585,3
1276,199,5
1276,1161,4
1276,749,8
1276,8,2
1277,276,1
1277,1710,8
1277,1268,10
1278,1383,7
1278,1946,10
1278,543,3
1278,1887,8
1279,610,6
1279,365,10
1279,1677,7
1279,953,7
1280,187,8
1280,1136,2
1280,678,1
1281,507,9
1281,348,4
1281,216,10
1282,1949,9
1282,76,2
1283,77,5
1283,842,4
1284,346,9
1284,1312,7
1284,184,8
1284,95,6
1285,739,7
1285,98,9
1285,1299,7
1285,1053,2
1286,406,9
1287,1168,3
1287,748,5
1288,631,5
1289,693,1
1289,1332,3
1289,111,1
1289,1220,7
1290,1310,3
1291,1327,5
1291,1538,2
1291,212,4
1291,981,10
1292,2019,9
1292,1577,2
1293,248,6
1293,1903,9
1293,1667,2
1294,118,7
1294,957,1
1294,1102,9
1294,415,4
1295,1247,10
1295,1666,8
1296,833,3
1297,688,4
1297,1735,9
1297,1850,1
1298,1903,10
1299,685,1
1299,246,8
1299,1119,10
1300,1557,6
1300,871,10
1300,1152,1
1301,286,5
1301,367,7
1302,572,9
1303,1769,4
1303,1403,5
1304,1118,4
1304,1317,6
1304,862,8
1304,1345,1
1305,8,10
1305,1951,1
1306,710,7
1307,1608,9
1307,332,2
1307,126,8
1307,505,6
1308,1466,7
1308,725,1
1308,511,8
1308,1517,4
1309,38,4
1309,81,5
1309,1465,4
1309,368,10
1310,905,4
1310,2022,6
1310,150,5
1311,856,1
1311,803,7
1311,454,5
1311,2023,3
1312,718,2
1312,525,2
1313,1063,10
1313,933,9
1314,785,1
1314,1035,9
1314,1859,1
1315,212,6
1315,1771,7
1315,1122,2
1315,1911,8
1316,178,4
1316,192,5
1316,1720,9
1317,1295,1
1317,1605,4
1317,1370,2
1317,103,4
1318,304,4
1318,806,3
1318,1348,5
1318,257,2
1319,1965,7
1320,1369,5
1321,441,8
1321,976,6
1322,1366,9
1323,298,10
1323,1796,2
1324,511,2
1324,248,1
1324,1545,6
1324,266,3
1325,1810,1
1326,1768,2
1326,417,1
1326,213,5
1327,1645,2
1327,1683,4
1327,43,8
1327,1572,8
1328,414,6
1328,106,8
1328,1344,10
1328,788,2
1329,50,10
1330,793,10
1331,1049,6
1331,1724,8
1332,761,4
1332,563,1
1332,247,3
1332,1276,10
1333,1465,5
1333,596,3
1333,1923,5
1333,1404,5
1334,33,9
1334,592,1
1334,972,9
1335,1728,6
1336,820,4
1336,280,6
1337,1948,8
1337,1356,10
1338,1227,7
1338,1346,3
1338,429,8
1339,2031,4
1340,913,4
1341,873,4
1341,1969,6
1341,1539,4
1341,1639,3
1342,1486,1
1343,1465,1
1344,583,5
1345,796,10
1345,1474,1
1345,121,4
1345,810,5
1346,896,5
1346,713,6
1347,731,4
1347,88,3
1348,414,1
1348,562,7
1348,454,6
1349,1249,8
1349,983,6
1350,701,9
1350,1776,2
1350,485,3
1351,776,4
1351,1549,6
1352,1759,4
1352,189,10
1352,774,9
1353,608,6
1353,1012,1
1353,1147,3
1354,857,2
1354,1927,10
1354,265,3
1354,1589,9
1355,2042,9
1355,1901,3
1355,1318,6
1356,2026,8
1356,1099,10
1356,1642,10
1356,149,4
1357,831,8
1357,960,7
1358,1253,7
1358,1544,10
1359,1532,5
1359,347,3
1360,1208,8
1361,942,10
1361,168,8
1361,1377,7
1362,1915,7
1362,1675,6
1362,2037,6
1362,1118,7
1363,735,8
1364,1087,2
1364,1470,2
1365,320,5
1365,932,2
1365,485,2
1366,156,9
1366,820,6
1366,805,6
1367,1239,5
1367,780,10
1367,564,9
1368,34,5
1368,1154,6
1368,1654,7
1369,1933,9
1370,1628,4
1370,929,4
1371,957,9
1371,1919,8
1371,1395,2
1371,1282,4
1372,1710,4
1372,1796,8
1372,123,6
1372,569,10
1373,1251,1
1373,2047,6
1374,923,7
1374,1743,7
1374,1227,6
1375,131,3
1376,1352,10
1376,1601,7
1377,1600,2
1377,1582,4
1378,444,6
1378,1849,5
1378,381,3
1378,427,9
1379,131,10
1379,2001,1
1380,815,2
1380,1580,5
1381,954,5
1381,286,8
1382,1509,9
1383,703,6
1384,1601,3
1384,453,3
1384,1713,8
1384,281,7
1385,532,4
1385,1268,7
1386,650,10
1386,1271,10
1386,831,9
1386,1879,5
1387,30,3
1387,1825,2
1388,1011,9
1388,1347,10
1388,2010,8
1388,1895,10
1389,373,5
1390,1420,5
1390,1601,10
1390,717,7
1390,1020,3
1391,1875,7
1391,751,10
1391,391,7
1391,178,4
1392,1121,9
1392,1195,2
1393,2021,7
1393,496,6
1394,430,9
1395,1679,8
1395,675,5
1395,849,9
1396,1893,1
1397,1891,7
1398,1635,4
1398,1624,1
1398,43,5
1399,559,6
1400,1985,8
1400,279,2
1400,992,8
1400,574,8
1401,660,3
1401,73,10
1401,411,3
1402,508,9
1402,1600,3
1402,317,1
1403,628,8
1403,1466,3
1403,887,1
1404,1810,1
1404,421,7
1405,1818,1
1405,19,1
1405,1545,4
1406,1534,4
1406,819,2
1407,1727,1
1408,1380,4
1409,903,2
1410,684,1
1410,1702,9
1411,1339,6
1412,848,9
1412,1618,7
1413,951,4
1414,1460,6
1415,61,7
1415,1295,1
1416,871,8
1416,901,2
1416,1140,10
1416,1511,1
1417,895,7
1418,2046,2
1418,702,5
1418,388,10
1419,1591,3
1419,1360,3
1419,1302,8
1420,1372,1
1421,1566,9
1421,952,9
1421,54,4
1421,86,10
1422,1265,4
1423,997,10
1423,325,1
1423,563,6
1423,2042,5
1424,621,7
1424,837,1
1425,1817,6
1425,549,5
1426,162,9
1426,1699,5
1426,97,4
1427,1403,4
1427,843,9
1427,221,4
1428,1562,9
1428,1317,3
1429,24,2
1429,2013,2
1429,788,1
1429,579,4
1430,375,3
1430,837,4
1431,1745,8
1432,672,4
1432,1003,7
1432,722,10
1433,1241,5
1433,1836,4
1434,1970,2
1434,1472,7
1434,1547,3
1435,1807,7
1435,1775,3
1435,1974,1
1435,1562,7
1436,1229,10
1437,719,5
1437,1558,8
1438,1857,5
1438,1536,9
1438,1969,2
1439,559,8
1439,801,3
1439,776,1
1440,1532,8
1441,1703,7
1441,1528,7
1441,2005,5
1441,291,7
1442,509,7
1443,795,7
1443,1045,6
1444,1508,1
1444,1578,7
1444,1010,4
1444,1956,1
1445,115,3
1445,1070,10
1445,1865,3
1446,1013,10
1446,661,1
1446,478,2
1447,1628,10
1447,329,9
1447,773,7
1447,679,7
1448,1237,9
1448,1567,10
1448,1261,7
1449,447,10
1450,584,5
1450,858,7
1450,1261,1
1451,2014,1
1451,396,2
1452,1707,5
1452,1765,3
1452,722,6
1452,763,3
1453,1992,3
1453,451,8
1454,760,4
1454,241,3
1455,1062,7
1455,1805,10
1456,680,2
1457,351,7
1457,510,5
1457,263,6
1458,961,8
1459,412,1
1459,250,5
1459,29,10
1459,171,2
1460,29,7
1460,1088,8
1461,1380,10
1461,1759,6
1461,1518,6
1461,1291,4
1462,1632,7
1462,234,6
1462,1352,2
1463,1871,7
1464,105,10
1464,503,9
1465,1018,6
1465,1851,10
1465,1946,9
1466,769,1
1466,1319,1
1466,1475,1
1466,1333,8
1467,1984,7
1467,333,6
1468,1950,2
1468,1576,5
1468,799,3
1468,130,3
1469,356,5
1469,1912,3
1469,1827,2
1469,1974,9
1470,996,4
1470,698,2
1471,1781,1
1472,1337,7
1472,1148,4
1473,1950,2
1473,556,9
1473,2015,2
1474,916,10
1474,264,6
1474,1544,7
1475,955,4
1475,1061,2
1475,1191,2
1475,456,2
1476,770,2
1476,1506,3
1476,1283,7
1477,1273,1
1478,1589,7
1478,1309,6
1479,909,2
1479,1619,1
1480,1294,3
1480,1215,4
1480,2047,8
1480,603,10
1481,597,1
1481,1311,5
1481,505,5
1482,883,8
1482,1193,7
1482,240,6
1482,625,4
1483,215,3
1483,1996,7
1484,652,1
1484,1606,6
1484,1730,8
1485,1603,7
1485,294,9
1485,1159,5
1486,1612,2
1486,536,6
1487,1245,8
1488,563,8
1488,1976,5
1489,859,4
1489,801,1
1490,417,3
1490,1542,7
1490,689,1
1491,1456,8
1492,214,2
1492,1386,10
1493,608,7
1493,1003,1
1493,486,4
1493,1624,8
1494,706,7
1494,367,8
1494,1565,5
1495,1504,1
1495,491,2
1495,338,2
1495,2003,9
1496,94,10
1496,1964,5
1497,741,7
1498,1776,5
1498,512,2
1498,1332,2
1498,757,7
1499,1612,9
1500,261,9
1500,508,4
1500,480,3
1500,737,1
1501,1287,2
1501,160,3
1501,844,3
1501,359,9
1502,143,2
1502,510,9
1502,1222,6
1503,1732,1
1503,1017,5
1504,1201,9
1505,572,10
1505,2008,6
1505,1442,10
1505,859,2
1506,971,1
1507,580,5
1507,881,3
1508,1470,5
1508,526,10
1509,304,9
1509,1044,5
1509,1563,3
1509,1638,8
1510,1041,7
1511,834,2
1511,1103,4
1512,671,7
1512,628,6
1512,1776,7
1513,1013,2
1514,510,9
1514,450,9
1514,1666,2
1515,364,6
1515,1366,5
1515,599,4
1516,40,2
1516,1544,4
1516,1550,2
1517,719,9
1518,2005,2
1518,1429,10
1518,1155,9
1519,405,1
1519,699,6
1519,1595,3
1520,1649,8
1520,522,5
1520,38,9
1521,517,3
1521,1551,10
1522,216,6
1522,1020,10
1522,1713,8
1523,1797,6
1523,1919,9
1524,1129,7
1524,937,5
1524,356,5
1525,1280,2
1525,325,2
1525,983,2
1525,676,10
1526,346,5
1527,43,7
1527,558,8
1527,2039,9
1527,510,7
1528,778,1
1529,1413,4
1529,173,10
1529,1837,3
1529,921,3
1530,1503,3
1531,208,7
1531,2029,7
1531,698,6
1532,1384,4
1533,1188,5
1534,1202,5
1534,872,1
1534,1612,4
1534,1248,9
1535,1896,10
1536,235,6
1536,24,10
1536,1885,6
1536,1222,6
1537,21,6
1538,1646,6
1538,36,2
1539,2015,4
1539,347,9
1539,629,7
1539,507,8
1540,637,5
1541,1927,7
1541,1533,5
1542,1754,3
1542,1103,2
1542,1796,8
1543,572,6
1543,1777,1
1544,812,2
1544,776,5
1544,164,3
1545,1724,6
1545,129,3
1545,815,8
1545,1088,2
1546,2003,9
1546,2029,3
1546,1330,7
1546,1592,3
1547,441,1
1548,637,6
1548,55,4
1549,1401,7
1550,1779,8
1551,1155,8
1551,338,7
1551,1014,10
1552,765,4
1552,1151,2
1553,1013,7
1553,812,8
1553,422,9
1554,772,10
1554,609,4
1555,541,7
1556,1121,4
1557,1746,1
1557,817,2
1558,1557,7
1559,947,4
1559,1376,7
1559,1962,1
1560,211,5
1560,450,5
1560,1489,5
1560,1437,7
1561,1310,1
1561,744,1
1562,213,6
1563,1168,8
1563,1147,10
1564,1764,3
1565,2012,6
1565,1369,5
1565,456,2
1566,533,6
1567,1480,10
1567,1522,4
1567,1130,4
1568,357,2
1568,534,10
1568,492,1
1568,780,4
1569,404,2
1569,1404,5
1569,1942,4
1569,629,1
1570,785,7
1570,1034,9
1571,1499,8
1571,480,7
1571,277,8
1572,89,3
1572,1122,3
1572,1186,1
1572,249,4
1573,2027,9
1573,307,3
1573,1793,9
1574,1641,10
1574,1112,4
1574,753,1
1574,655,10
1575,36,9
1575,1865,9
1576,1242,4
1576,1213,5
1576,487,3
1577,186,9
1577,975,5
1578,606,5
1579,1107,1
1579,1019,4
1580,5,6
1581,1329,2
1581,1081,3
1581,1672,10
1582,1329,1
1582,42,6
1582,898,5
1583,1048,1
1583,435,7
1584,844,8
1584,903,6
1584,1100,4
1585,637,8
1585,949,7
1585,1509,3
1585,1962,2
1586,743,8
1586,757,3
1586,773,10
1586,2009,3
1587,86,5
1587,667,3
1587,1614,10
1588,284,3
1588,295,7
1589,1863,7
1589,410,9
1590,48,10
1590,408,7
1591,84,2
1591,55,1
1591,541,4
1591,342,5
1592,55,1
1592,435,9
1593,348,4
1593,570,8
1593,1819,3
1594,1358,8
1594,632,4
1594,228,9
1595,504,1
1595,182,2
1595,1215,2
1596,580,1
1596,918,1
1596,928,7
1596,1578,3
1597,1174,4
1597,1575,2
1597,2014,3
1598,919,2
1599,1463,2
1599,1366,2
1599,1476,2
1600,618,3
1601,1371,10
1601,742,7
1601,615,5
1601,1175,6
1602,1110,8
1603,1087,2
1603,8,3
1603,600,6
1604,1599,8
1604,1959,2
1605,1750,5
1606,370,6
1606,522,3
1607,1444,6
1607,2024,7
1607,1971,7
1607,1365,3
1608,1569,7
1608,2036,9
1609,942,7
1609,342,10
1609,1727,9
1609,898,2
1610,1481,1
1610,832,1
1611,1941,3
1611,451,1
1611,1430,6
1612,1207,8
1612,590,9
1613,993,4
1613,919,1
1613,564,2
1613,586,7
1614,1739,6
1615,434,10
1616,1953,10
1617,123,3
1617,1496,3
1618,1003,2
1619,1705,3
1620,1924,3
1620,1226,8
1621,1381,8
1621,54,5
1621,455,3
1621,245,1
1622,656,1
1622,1623,7
1623,1056,10
1623,1253,4
1623,1735,3
1623,1113,2
1624,512,4
1624,1640,10
1624,229,4
1624,1606,3
1625,1918,8
1626,1659,7
1626,675,1
1626,1521,7
1627,1105,2
1627,427,2
1628,1374,1
1628,981,5
1628,666,9
1629,267,4
1630,1266,4
1631,132,4
1631,1102,2
1632,1981,1
1633,1288,2
1634,34,6
1634,1156,7
1634,798,6
1635,1457,3
1635,398,6
1635,1668,9
1635,413,9
1636,97,10
1636,1565,8
1637,1188,3
1638,1896,2
1638,382,4
1639,576,3
1639,1398,8
1640,1388,5
1640,1475,10
1641,163,7
1641,979,4
1641,307,3
1641,2037,2
1642,584,5
1643,2043,2
1644,1284,3
1644,1210,3
1644,279,5
1644,1488,6
1645,291,3
1646,1056,8
1646,1048,8
1646,575,2
1646,1999,1
1647,1174,7
1647,1675,10
1647,528,8
1648,1284,6
1648,341,7
1648,1843,5
1649,233,4
1650,633,2
1651,1539,3
1651,1635,2
1651,913,7
1652,382,6
1652,1908,8
1652,1904,2
1652,351,3
1653,1625,7
1654,1644,6
1654,264,6
1655,1991,4
1655,1950,2
1655,1140,8
1656,637,8
1657,874,6
1657,128,10
1658,255,6
1658,1761,8
1658,874,1
1658,866,1
1659,1105,5
1659,721,2
1659,580,2
1659,1121,7
1660,1221,8
1661,876,5
1661,753,1
1661,378,7
1661,1400,5
1662,813,6
1662,1716,8
1663,658,7
1663,1452,10
1663,1593,1
1663,813,2
1664,1326,6
1664,58,3
1665,604,8
1665,1296,2
1665,1664,5
1665,15,8
1666,1840,10
1666,399,1
1667,768,7
1667,680,10
1668,885,6
1668,859,4
1668,58,6
1668,1490,1
1669,1257,9
1669,510,8
1669,1867,7
1670,1440,6
1670,1744,9
1670,1375,2
1670,720,8
1671,1528,3
1671,666,9
1671,1785,7
1671,1167,7
1672,406,2
1672,425,2
1672,67,10
1673,424,8
1673,408,8
1673,133,5
1673,1722,4
1674,1862,9
1674,1560,2
1675,1923,2
1675,1436,8
1676,1621,1
1676,1534,4
1676,1161,5
1676,1083,5
1677,989,1
1677,1698,1
1677,63,1
1677,628,6
1678,1372,3
1678,1761,4
1678,1603,4
1679,211,10
1679,1757,3
1679,1599,3
1679,1651,6
1680,1791,4
1680,407,3
1681,1605,5
1682,1320,4
1682,381,2
1683,1791,1
1684,113,10
1684,322,10
1685,103,3
1685,1858,6
1685,764,4
1685,908,5
1686,1004,7
1686,1066,1
1687,339,3
1687,94,10
1687,423,2
1688,502,2
1688,580,5
1688,1073,3
1688,380,2
1689,1480,4
1689,1600,2
1689,2011,1
1689,1694,2
1690,312,4
1690,1719,7
1690,1284,8
1690,659,3
1691,41,3
1691,128,2
1691,1404,6
1692,20,3
1692,1042,2
1692,789,10
1692,121,9
1693,624,4
1694,470,4
1694,120,6
1694,567,4
1695,518,5
1696,1972,4
1696,376,6
1696,1205,8
1697,1786,9
1697,1638,4
1697,1024,3
1697,810,5
1698,421,10
1698,1276,3
1698,843,8
1698,1775,8
1699,1112,6
1699,440,10
1699,1568,7
1699,818,10
1700,1531,2
1700,1840,3
1700,138,9
1701,1678,5
1701,1442,7
1701,122,2
1702,1321,7
1702,761,6
1703,297,4
1703,1522,6
1704,1287,2
1704,39,6
1705,1347,4
1706,1317,4
1706,271,7
1706,1161,10
1706,869,9
1707,421,9
1707,1138,10
1708,1727,7
1709,1311,4
1709,807,1
1709,2023,8
1710,1124,7
1711,508,8
1712,1338,10
1712,1568,4
1713,1167,1
1714,1891,5
1715,1649,1
1715,160,6
1716,284,8
1717,1700,5
1718,1299,6
1718,1639,2
1718,1282,8
1719,1611,5
1720,2020,2
1720,1531,10
1720,420,1
1720,917,1
1721,568,2
1722,1784,4
1722,697,2
1722,782,6
1723,215,5
1724,453,1
1725,307,5
1725,1348,10
1725,1554,5
1726,564,10
1726,1887,2
1727,1307,3
1727,1692,8
1728,985,10
1729,2007,5
1729,1318,8
1729,925,2
1729,1080,5
1730,1445,9
1731,843,2
1731,307,8
1732,870,1
1733,1917,7
1733,769,8
1734,1394,4
1735,1277,8
1735,630,9
1735,432,3
1736,1489,7
1736,1853,10
1737,1639,4
1737,281,5
1738,672,5
1738,418,3
1738,1888,2
1738,451,4
1739,1887,3
1740,117,8
1740,1854,6
1740,1087,2
1741,1451,7
1742,616,7
1742,1764,9
1743,217,8
1743,1116,6
1743,400,1
1744,1730,4
1744,1204,4
1744,1649,3
1744,1130,9
1745,1775,2
1745,204,4
1745,454,4
1745,471,1
1746,1090,4
1747,413,5
1748,1657,7
1748,1609,2
1749,1098,8
1749,842,3
1750,1423,5
1750,1179,1
1751,758,9
1752,1250,4
1752,697,6
1752,284,3
1752,767,6
1753,580,1
1753,1943,7
1753,1368,1
1753,727,5
1754,699,1
1755,1940,10
1755,4,8
1755,1013,8
1756,185,1
1757,935,9
1757,685,3
1757,384,2
1758,1374,8
1758,2009,6
1758,1054,8
1759,1492,8
1759,55,6
1759,1233,6
1760,461,5
1760,84,3
1760,1680,4
1760,580,6
1761,126,4
1761,1764,6
1761,845,2
1761,793,7
1762,1121,9
1763,716,5
1763,1428,6
1763,1601,10
1763,1709,5
1764,780,1
1764,1406,10
1764,503,7
1765,1421,5
1765,451,1
1765,2043,3
1765,1910,3
1766,666,5
1766,1994,5
1766,264,5
1767,1859,1
1768,1159,10
1768,505,1
1769,1252,1
1769,1762,6
1769,2,1
1769,1029,3
1770,1160,9
1770,635,2
1770,1108,3
1771,1769,10
1771,330,5
1772,131,8
1772,1452,4
1773,1730,7
1773,401,5
1773,1237,10
1773,1272,3
1774,1320,10
1774,570,4
1774,1024,3
1774,1705,9
1775,1233,5
1775,350,5
1776,751,7
1776,1789,2
1776,567,9
1776,1810,6
1777,1918,6
1777,1751,8
1777,1722,7
1778,113,9
1778,108,7
1778,362,3
1778,1238,4
1779,521,10
1779,1201,1
1779,1608,3
1780,24,8
1780,1885,1
1780,346,1
1780,1106,2
1781,398,5
1781,1972,6
1781,249,2
1782,839,9
1783,2028,3
1783,915,3
1784,1273,1
1784,1986,10
1784,822,2
1785,0,3
1786,396,4
1787,424,8
1787,100,9
1788,1600,1
1788,498,5
1788,1657,8
1788,753,4
1789,1798,10
1789,504,7
1789,599,1
1790,580,4
1790,699,9
1791,1950,8
1791,1187,5
1792,2019,6
1793,1602,7
1793,439,8
1793,1707,7
1794,114,5
1794,1872,2
1795,45,10
1795,1240,1
1795,1820,1
1795,1452,3
1796,1877,5
1796,37,3
1796,1465,9
1796,863,6
1797,257,3
1797,620,6
1797,1389,8
1797,573,5
1798,1613,2
1798,1981,7
1798,1932,10
1799,1061,3
1799,1327,10
1800,1653,2
1800,184,1
1800,651,4
1801,435,8
1802,1325,4
1802,969,2
1802,712,7
1802,1720,2
1803,1025,2
1804,298,8
1805,120,3
1805,1315,2
1805,1841,7
1806,818,4
1806,1034,8
1807,1171,4
1807,824,3
1807,1777,9
1807,787,2
1808,394,4
1809,575,1
1810,1671,10
1810,294,6
1810,759,9
1811,778,4
1811,1940,9
1811,1442,6
1811,564,2
1812,1751,7
1812,290,10
1812,320,3
1812,1221,2
1813,2042,4
1814,1355,1
1815,1187,5
1815,1599,6
1816,646,5
1817,988,9
1818,1635,10
1818,232,9
1818,454,10
1819,1077,1
1819,132,6
1819,1726,5
1819,821,6
1820,570,4
1821,255,4
1821,2021,2
1821,144,6
1822,1704,10
1823,1961,3
1824,170,2
1824,145,8
1824,922,6
1825,1956,5
1825,932,1
1825,226,1
1825,803,9
1826,74,9
1826,1974,1
1826,1585,7
1826,512,7
1827,564,2
1827,1793,2
1827,1506,6
1827,793,6
1828,237,4
1828,950,2
1828,41,4
1828,1691,9
1829,61,4
1830,313,1
1831,1796,3
1831,1157,1
1832,1432,10
1832,1000,5
1832,531,10
1833,1960,2
1833,314,2
1833,1024,9
1833,843,8
1834,902,8
1834,1239,6
1834,1198,4
1835,1306,9
1835,427,1
1835,1419,7
1836,1145,2
1836,833,3
1836,944,5
1836,863,2
1837,581,1
1837,962,8
1837,1858,2
1838,2043,1
1839,1138,10
1839,1573,5
1839,346,1
1840,1572,8
1840,77,7
1840,1575,8
1841,919,4
1842,755,7
1842,214,5
1842,128,9
1842,1424,1
1843,1075,10
1843,886,1
1843,1396,10
1844,1751,1
1844,447,9
1844,1589,5
1844,1898,7
1845,665,7
1845,1914,4
1845,540,1
1846,1123,2
1846,1023,9
1846,1211,6
1847,158,10
1847,1123,6
1847,1100,5
1847,50,2
1848,1314,5
1848,732,8
1848,1895,1
1849,36,8
1849,151,6
1849,1966,9
1849,892,7
1850,325,5
1851,262,8
1851,736,5
1851,1131,5
1852,521,4
1852,714,3
1852,203,4
1852,468,1
1853,1803,10
1853,1299,1
1854,249,5
1854,1054,1
1855,183,10
1855,961,6
1855,447,2
1856,463,9
1856,317,4
1856,835,6
1856,1521,7
1857,1746,5
1858,101,6
1858,1475,6
1859,1534,8
1859,1204,10
1859,127,3
1859,1508,1
1860,614,10
1860,104,2
1860,866,6
1861,880,7
1861,133,3
1861,1560,2
1862,919,10
1863,496,9
1863,210,10
1863,1934,9
1863,1806,6
1864,798,10
1864,1200,4
1864,1346,4
1865,945,8
1865,1289,2
1865,987,8
1866,1482,2
1866,1441,9
1866,313,6
1866,1983,10
1867,1838,7
1867,941,10
1868,1003,7
1868,565,10
1869,1175,6
1869,1285,2
1869,333,7
1870,607,10
1870,2024,4
1870,736,8
1870,63,3
1871,1714,5
1872,413,3
1872,139,7
1872,98,3
1872,299,3
1873,1729,6
1873,522,7
1873,988,5
1873,487,6
1874,441,1
1874,302,6
1874,1838,7
1875,1784,5
1875,1954,3
1875,751,10
1875,343,3
1876,1515,8
1877,1312,8
1877,723,9
1877,1144,2
1877,951,5
1878,1397,1
1878,1747,5
1878,1322,7
1878,1304,3
1879,171,4
1879,1763,9
1880,1287,2
1880,1422,5
1880,678,2
1881,1121,8
1881,1797,4
1881,693,5
1882,434,4
1882,1141,3
1882,393,4
1883,112,10
1883,162,9
1884,27,8
1884,105,6
1885,1154,10
1885,1746,8
1886,1858,5
1886,448,2
1887,1770,8
1887,1077,2
1887,560,5
1887,477,6
1888,911,2
1889,641,9
1889,1373,5
1889,1857,9
1890,1289,1
1891,411,9
1891,1300,4
1891,145,1
1891,1007,3
1892,901,4
1892,1086,8
1892,620,8
1892,766,8
1893,539,4
1893,363,9
1893,877,1
1894,275,8
1894,854,3
1894,158,7
1894,1077,10
1895,961,6
1895,1983,9
1895,737,5
1895,949,5
1896,2007,7
1896,1462,9
1896,1970,5
1896,395,4
1897,1176,7
1898,1332,4
1898,1740,2
1898,721,8
1898,1306,2
1899,1630,3
1899,1981,8
1899,1687,4
1900,1191,5
1901,1675,1
1901,1323,5
1902,1684,7
1902,1810,7
1902,1632,5
1903,1099,8
1904,1391,1
1904,1263,8
1905,906,10
1905,682,9
1905,844,2
1905,1350,3
1906,86,7
1907,1365,6
1908,201,9
1909,1483,9
1909,812,3
1910,939,5
1910,661,6
1910,1357,7
1910,883,9
1911,55,1
1911,82,9
1912,1629,8
1913,642,5
1914,99,4
1914,1012,1
1914,1115,2
1915,1641,3
1915,1105,2
1915,313,2
1915,1701,1
1916,621,2
1917,795,10
1917,1278,6
1917,1741,9
1917,95,5
1918,1879,4
1918,408,5
1918,1930,7
1919,1759,2
1919,910,7
1919,1140,8
1920,1001,7
1920,70,8
1920,1612,6
1921,1852,4
1922,1627,4
1923,1514,8
1923,446,5
1923,1361,3
1923,342,2
1924,850,8
1924,1023,2
1925,1651,10
1925,1939,9
1926,241,8
1926,1032,7
1927,1383,3
1927,149,6
1927,1665,1
1928,856,9
1928,2001,9
1928,2047,6
1929,1318,8
1929,1978,9
1930,430,7
1931,1538,3
1932,663,9
1933,680,4
1934,465,1
1934,1737,8
1934,699,9
1934,1995,3
1935,1635,1
1935,1215,2
1935,1783,5
1935,1110,9
1936,1522,10
1936,679,3
1936,1188,9
1937,1520,9
1937,1029,8
1938,862,6
1938,554,3
1938,1940,1
1938,1301,7
1939,615,8
1939,274,1
1940,768,4
1940,384,9
1940,1878,6
1941,250,10
1942,640,2
1942,1435,9
1942,925,6
1942,57,4
1943,1164,7
1943,1252,6
1943,1651,5
1944,317,10
1944,624,2
1945,1146,3
1945,1076,10
1946,518,9
1947,1352,10
1947,1135,10
1947,1939,4
1947,688,1
1948,886,2
1948,600,3
1949,1947,1
1949,1324,2
1950,561,9
1951,1742,8
1951,1339,5
1951,480,4
1951,1610,7
1952,1943,6
1952,1276,9
1952,1298,9
1952,320,10
1953,680,5
1953,585,7
1954,2007,5
1954,492,9
1954,1783,6
1954,729,1
1955,1909,6
1955,1737,4
1955,782,7
1956,733,1
1956,802,8
1956,1478,9
1957,22,10
1957,1271,6
1958,1510,5
1959,1118,1
1960,1631,1
1960,1036,5
1961,124,8
1962,2008,3
1962,1939,9
1962,425,1
1962,1513,1
1963,724,3
1963,339,7
1964,229,8
1965,1287,2
1966,795,10
1966,68,6
1966,1296,3
1967,58,7
1967,1705,1
1967,266,4
1968,1092,2
1968,706,8
1969,1128,10
1970,1676,3
1970,13,5
1971,1436,2
1971,1398,8
1971,352,10
1972,361,2
1972,370,3
1972,353,3
1972,1300,10
1973,693,1
1974,1534,8
1974,332,4
1975,782,3
1975,1271,1
1975,1553,5
1976,1142,3
1976,1292,7
1977,771,5
1977,816,3
1978,1062,8
1978,1083,2
1978,2006,6
1979,1428,9
1979,1841,3
1979,150,10
1980,637,9
1980,862,7
1980,1420,5
1980,849,6
1981,371,9
1981,863,5
1981,893,8
1982,128,2
1982,763,8
1982,572,8
1983,1524,10
1983,1547,10
1983,138,6
1984,1469,1
1985,1726,8
1985,1370,6
1986,766,6
1987,666,8
1987,762,1
1987,1798,10
1988,1781,7
1988,1939,4
1988,1034,6
1988,1383,8
1989,1229,1
1989,959,9
1989,441,7
1989,1744,5
1990,116,3
1990,681,5
1990,812,10
1990,571,3
1991,220,2
1991,1266,3
1991,1417,8
1992,677,8
1992,3,3
1992,820,3
1992,1234,5
1993,756,4
1994,1788,2
1994,1002,3
1995,20,8
1995,652,6
1995,409,8
1996,870,8
1996,1541,8
1996,994,2
1996,1587,3
1997,546,7
1997,1339,5
1997,1739,10
1998,293,6
1998,2000,10
1998,110,4
1998,729,4
1999,1483,6
1999,6,10
1999,1630,2
2000,565,8
2000,769,1
2001,1236,7
2001,380,6
2002,736,7
2002,617,5
2002,1274,7
2002,1968,1
2003,1727,3
2003,669,7
2003,435,8
2004,1418,2
2005,50,3
2005,1306,3
2005,1572,8
2005,47,8
2006,1730,1
2006,1240,7
2006,1059,2
2006,1844,9
2007,1939,6
2007,1494,2
2007,732,7
2008,327,3
2008,28,6
2008,1056,4
2008,1863,7
2009,1903,5
2010,497,8
2011,1503,1
2011,1512,5
2011,1743,6
2011,1213,1
2012,732,5
2012,1461,7
2012,71,8
2013,1219,1
2013,457,6
2013,149,9
2014,1018,3
2014,344,9
2014,387,3
2014,592,8
2015,1125,6
2015,1876,10
2015,999,9
2015,1877,1
2016,1337,6
2017,601,10
2018,1564,9
2019,1383,5
2020,1641,1
2020,753,5
2020,324,7
2020,476,4
2021,1241,10
2021,998,1
2021,1532,10
2022,881,7
2022,1125,3
2022,1133,9
2022,187,10
2023,742,5
2023,1116,1
2023,1667,4
2023,76,7
2024,1125,5
2024,1894,10
2025,397,4
2025,920,1
2025,1329,4
2026,1178,10
2027,1723,10
2027,1346,9
2027,1593,8
2027,51,6
2028,1309,6
2028,1820,3
2028,1892,8
2029,696,7
2029,1047,7
2030,321,8
2031,340,4
2031,1512,5
2031,1195,6
2032,1914,1
2032,638,10
2032,682,10
2032,1440,10
2033,1701,1
2033,1162,9
2033,2010,4
2033,1537,9
2034,1550,10
2034,505,2
2035,894,4
2035,453,10
2035,1185,3
2035,651,7
2036,1441,4
2036,1712,10
2036,1142,6
2036,1487,2
2037,1606,4
2037,1654,8
2037,1900,5
2038,642,3
2038,1638,5
2038,13,9
2038,1368,8
2039,402,7
2039,1712,7
2040,773,1
2040,918,3
2040,329,10
2040,1674,1
2041,1023,3
2041,1932,2
2041,1516,1
2042,790,3
2042,1875,6
2042,980,3
2042,1934,4
2043,543,5
2043,265,1
2043,847,10
2044,1880,4
2044,1817,4
2044,724,8
2044,455,10
2045,652,4
2045,1893,2
2045,28,1
2046,1925,7
2046,288,7
2046,1065,9
2046,495,10
2047,1796,8
